Year,United Kingdom,Mexico,Iceland
2021,218.244947,20.0447794,1.78582544
2020,220.104989,20.6771357,1.81923192
2019,221.75836,21.3289298,1.85190025
2018,223.205059,22.0021487,1.88511721
2017,224.643699,22.6980442,1.91806484
2016,225.885587,23.4161095,1.95082294
2015,227.105361,24.1550493,1.98255362
